trial,run_time,partition_length
0,4.41544246673584,100.0
1,0.16327881813049316,30.0
